R,R_ERR_MIN,R_ERR_MAX,VROT_DATA,VROT_DATA_ERR_MIN,VROT_DATA_ERR_MAX,VROT_GR,VROT_DARK,VROT_TOTAL,VROT_CONFORMAL,VROT_BULGE
.094,.094,.094,201.765,199.265,204.265,199.01797718349076,1.915341729424236,199.02719355944535,199.02317148948902,198.13217863915543
.122,.122,.122,218.694,214.694,222.694,221.86360932459505,2.4857079390433596,221.87753353256556,221.84625719636264,220.6244407144385
.141,.141,.141,232.647,229.647,235.647,233.02991444677008,2.8726725753810998,233.0476201869359,232.9945584069899,231.52391606025301
.2,.2,.2,233,219.68,246.32,252.45824092900213,4.073834898730314,252.4911078508473,252.35209081998218,249.97295206690893
.226,.226,.226,245.435,242.435,248.435,255.97139942798515,4.602887597434478,256.0127807343917,255.8264137597308,252.97751892808628
.245,.245,.245,254.888,252.888,256.888,257.2165242647674,4.989378122699889,257.26491064445406,257.04002379029936,253.81966062126475
.264,.264,.264,256.341,253.841,258.841,257.58293991177794,5.3757531861370165,257.63902976046325,257.37219539950325,253.7560280529382
.311,.311,.311,248.224,245.224,251.224,255.75417842466177,6.330970200672672,255.83252522960314,255.44661825982183,250.74463593525476
.376,.376,.376,250.059,247.059,253.059,249.4665391694154,7.650512878612902,249.58382261771553,248.99580011699123,242.53841797077285
.38,.38,.38,268.92,264.25,273.59000000000003,249.0015572615306,7.7316517172170505,249.1215646164411,248.51965349276477,241.9446548654827
.414,.414,.414,251.565,249.065,254.065,244.86757011089657,8.421004968977932,245.0123266627669,244.2855359298053,236.66663008900858
.471,.471,.471,250.824,248.324,253.324,237.6594401071235,9.57526906617847,237.85225508647406,236.8889417128166,227.34756919952085
.518,.518,.518,248.006,244.006,252.006,231.8801935315447,10.525554440208875,232.11895969200884,230.93576057109422,219.6557732245415
.546,.546,.546,243.635,241.635,245.635,228.61443657108452,11.090989954940573,228.88331233817595,227.55891762363726,215.181855614838
.565,.565,.565,239.588,237.588,241.588,226.49267884146767,11.47436675827757,226.78314457050743,225.35878648832394,212.21279531237397
.659,.659,.659,229.353,227.353,231.353,217.2685132893042,13.367060705495879,217.67931729691034,215.71494052441483,198.50419731325636
.66,.66,.66,250.75,239.4,262.1,217.18216949372334,13.387157667229276,217.59437202374428,215.62387440915612,198.36778714774613
.696,.696,.696,229.259,225.259,233.259,214.2374458684626,14.110079334843714,214.70160118424369,212.50599784144418,193.59175884288996
.894,.894,.894,222.465,219.465,225.465,203.1296343473157,18.064222765833925,203.93127394837666,200.36408987626774,171.65216766927207
.941,.941,.941,220.647,216.647,224.647,201.53984817082346,18.996762705911333,202.43316772214794,198.5160388529567,167.36899919079067
.988,.988,.988,217.029,213.029,221.029,200.26500265563539,19.926733276311104,201.2539340925461,196.9805853897109,163.37687741427004
1.035,1.035,1.035,215.412,213.412,217.412,199.2680444247739,20.854022010049995,200.3562920471162,195.72168418593836,159.64802279556642
1.064,1.064,1.064,212.641,210.641,214.641,198.77679176054423,21.424792909092034,199.9280738010854,195.06853119360323,157.46749608721962
1.082,1.082,1.082,215.294,212.294,218.294,198.5154455807656,21.778518599509816,199.70649966017407,194.7066924183573,156.15722487745953
1.129,1.129,1.129,216.776,213.776,219.776,197.97715318245432,22.700114963430327,199.27430441876328,193.90632732089193,152.8818526409428
1.176,1.176,1.176,217.559,213.559,221.559,197.62639265872122,23.618705309630116,199.0327468428304,193.29447897109597,149.8017238515744
1.205,1.205,1.205,216.288,213.288,219.288,197.4930616748771,24.183950374019147,198.96827100170978,193.00079386808648,147.9907283740579
1.224,1.224,1.224,212.441,210.441,214.441,197.4370431799964,24.553629982866283,198.95795225372441,192.8400940949855,146.83894960118434
1.318,1.318,1.318,197.706,194.706,200.706,197.47790814100216,26.37472079363742,199.23139838059765,192.36851309911515,141.50966358843397
1.327,1.327,1.327,214.282,211.282,217.282,197.5063838457869,26.54837774524486,199.2826836951558,192.34846850252666,141.02919122431481
1.365,1.365,1.365,208.588,206.588,210.588,197.667544169893,27.28020340441341,199.5411424141467,192.3059420704421,139.0530232311496
1.459,1.459,1.459,197.553,188.553,206.553,198.31245563787238,29.0805755536449,200.43330545509232,192.45587513713707,134.4999769454947
1.506,1.506,1.506,207.835,205.335,210.335,198.74354701138785,29.975285839993436,200.9913312554973,192.64460640289516,132.3848041329491
1.525,1.525,1.525,209.188,206.188,212.188,198.9349737217866,30.33591313327866,201.23466747883614,192.73907978563926,131.55759496290395
1.553,1.553,1.553,205.318,202.318,208.318,199.23322658362545,30.866230471572585,201.61002643332617,192.8955512623731,130.3663130178277
1.6,1.6,1.6,201.8,198.8,204.8,199.7725903198823,31.753326417981263,202.28040335564492,193.19991753679992,128.43737750032523
1.61,1.61,1.61,217.83,212.02,223.64000000000001,199.89299017833508,31.94156599113191,202.4289286648571,193.27080853995784,128.03789697461286
1.619,1.619,1.619,195.153,192.153,198.153,200.0029065243404,32.11082889727808,202.5642316665366,193.33631542097265,127.68153247033865
1.647,1.647,1.647,198.082,191.082,205.082,200.35374584545443,32.63649332612449,202.99449295715172,193.5498964669924,126.59157914355232
1.694,1.694,1.694,200.365,197.365,203.365,200.9696938420232,33.5156535354751,203.7452254038522,193.93854831678684,124.82312132332892
1.807,1.807,1.807,201.982,198.982,204.982,202.557122870391,35.612537718586566,205.66390268661252,194.9955794833462,120.8572777549271
1.845,1.845,1.845,201.388,194.388,208.388,203.1154373750501,36.31221117127917,206.33578841346323,195.38065674123757,119.60620772712534
1.901,1.901,1.901,200.247,197.247,203.247,203.95307407440453,37.33817074421625,207.34270042353504,195.96769244722927,117.83135395560156
1.939,1.939,1.939,198.153,196.653,199.653,204.52873903263068,38.03082310760334,208.03448895921022,196.3764804770851,116.67102964300638
2.005,2.005,2.005,199.488,196.488,202.488,205.53676432301094,39.2269524427847,209.24654187422414,197.10072165014392,114.73469244505641
2.071,2.071,2.071,195.324,193.324,197.324,206.54842652783515,40.414190057158194,210.46510223574032,197.83620819056955,112.891670529006
2.071,2.071,2.071,191.324,189.824,192.824,206.54842652783515,40.414190057158194,210.46510223574032,197.83620819056955,112.891670529006
2.071,2.071,2.071,201.064,201.064,201.064,206.54842652783515,40.414190057158194,210.46510223574032,197.83620819056955,112.891670529006
2.071,2.071,2.071,212.064,212.064,212.064,206.54842652783515,40.414190057158194,210.46510223574032,197.83620819056955,112.891670529006
2.205,2.205,2.205,195.427,195.427,195.427,208.58677489517743,42.79668398003951,212.9319112318743,199.3367942983468,109.4076414746804
2.205,2.205,2.205,204.628,204.628,204.628,208.58677489517743,42.79668398003951,212.9319112318743,199.3367942983468,109.4076414746804
2.221,2.221,2.221,193.447,190.447,196.447,208.8271385051206,43.07861641277233,213.22415662460855,199.51496709026816,109.01284495911452
2.259,2.259,2.259,190.353,188.353,192.353,209.3944015330198,43.74600229513341,213.91523580656272,199.93622490618753,108.0920710319998
2.306,2.306,2.306,189.435,186.435,192.435,210.0881010870942,44.56713566596024,214.76321798634237,200.45261365464944,106.98485495858644
2.339,2.339,2.339,190.574,190.574,190.574,210.56929865347203,45.14080272619551,215.35348059917766,200.8114559760671,106.22747118783042
2.339,2.339,2.339,208.375,208.375,208.375,210.56929865347203,45.14080272619551,215.35348059917766,200.8114559760671,106.22747118783042
2.353,2.353,2.353,188.118,185.118,191.118,210.77186517041773,45.383456620449344,215.60249832095397,200.96264260541884,105.91098090293507
2.4,2.4,2.4,189.3,186.3,192.3,211.44458039563688,46.1949273003587,216.4319336118688,201.46514917621408,104.868808378747
2.428,2.428,2.428,193.929,190.929,196.929,211.83968988443237,46.67603651239204,216.92096854577852,201.76051369693002,104.26237483905322
2.447,2.447,2.447,190.082,188.582,191.582,212.10527476595644,47.00151231490298,217.25052299920904,201.9591120098948,103.85680771841933
2.472,2.472,2.472,191.103,191.103,191.103,212.4515150552461,47.428544928771004,217.68121904135393,202.21806502366846,103.33030728530417
2.472,2.472,2.472,199.804,199.804,199.804,212.4515150552461,47.428544928771004,217.68121904135393,202.21806502366846,103.33030728530417
2.494,2.494,2.494,189.265,187.265,191.265,212.75310325282936,47.803178704118835,218.05739344935543,202.44363681434947,102.87355063115125
2.541,2.541,2.541,190.647,188.647,192.647,213.38733490350123,48.59989590042588,218.8517867844611,202.91794368447202,101.91770172571096
2.57,2.57,2.57,219.58,218.10000000000002,221.06,213.77160886768485,49.08900599110793,219.335430943278,203.2052051665733,101.34104831476712
2.588,2.588,2.588,187.529,186.029,189.029,214.0073413033588,49.391635688525106,219.63304807728798,203.38135573842214,100.98801088361333
2.605,2.605,2.605,189.914,189.914,189.914,214.2279891433116,49.676778798926726,219.91228634213306,203.54617394377115,100.6579520983351
2.605,2.605,2.605,198.914,198.914,198.914,214.2279891433116,49.676778798926726,219.91228634213306,203.54617394377115,100.6579520983351
2.635,2.635,2.635,189.512,188.012,191.012,214.61258623963693,50.17837216377067,220.4006152565629,203.83328892094102,100.08330638375776
2.682,2.682,2.682,189.794,188.294,191.294,215.20261643178696,50.96008168915305,221.15400978696266,204.27324284434206,99.20248869260429
2.729,2.729,2.729,188.876,187.376,190.376,215.77705321009333,51.73674285102567,221.8928283042618,204.70079255331544,98.34452484509261
2.736,2.736,2.736,191.704,191.704,191.704,215.86125355427583,51.85198264978944,222.00159659501873,204.7633861705567,98.21863804697502
2.736,2.736,2.736,196.804,196.804,196.804,215.86125355427583,51.85198264978944,222.00159659501873,204.7633861705567,98.21863804697502
2.776,2.776,2.776,188.959,187.459,190.459,216.33558503828118,52.50833641370498,222.6167351004641,205.11558111316873,97.5084433509857
2.8,2.8,2.8,196,180,212,216.61457505000584,52.90038148637698,222.980547325319,205.32236846528812,97.08965067836469
2.824,2.824,2.824,192.241,190.241,194.241,216.8893236362292,53.29109861508305,223.3403678222624,205.5257167099601,96.67620813020737
2.867,2.867,2.867,192.674,192.674,192.674,217.37089943033808,53.98780645515395,223.9749788815557,205.88135523079595,95.94848190550377
2.867,2.867,2.867,199.174,199.174,199.174,217.37089943033808,53.98780645515395,223.9749788815557,205.88135523079595,95.94848190550377
2.871,2.871,2.871,189.824,187.824,191.824,217.41499683038828,54.05239909836255,224.03335174711466,205.9138663714757,95.88161884380601
2.918,2.918,2.918,192.406,190.906,193.906,217.9241666456609,54.80858662043758,224.7107553623898,206.2885251037824,95.10630528712234
2.936,2.936,2.936,193.559,192.059,195.059,218.11477433973351,55.09683394100318,224.96603275960427,206.42840693147554,94.81431867018838
2.974,2.974,2.974,185.865,184.365,187.365,218.50915037681847,55.70288560420825,225.49736198686355,206.71711572856293,94.20663082589196
2.997,2.997,2.997,190.221,190.221,190.221,218.74255616997183,56.06807606636236,225.81393897090737,206.88749456401774,93.84444770332507
2.997,2.997,2.997,197.922,197.922,197.922,218.74255616997183,56.06807606636236,225.81393897090737,206.88749456401774,93.84444770332507
3.031,3.031,3.031,190.424,188.924,191.924,219.08026694158974,56.60566873398682,226.27497673410568,207.13330734454243,93.3166170122275
3.059,3.059,3.059,193.353,191.853,194.853,219.35181898842805,57.04637151391612,226.64842597387667,207.33030916060565,92.88855687904389
3.106,3.106,3.106,191.435,189.935,192.935,219.794320098297,57.78201677336135,227.26263355393394,207.64994426949414,92.18308295656959
3.126,3.126,3.126,193.146,193.146,193.146,219.9775619636001,58.093495778680015,227.5191904416791,207.78175870022608,91.8877182659916
3.126,3.126,3.126,203.246,203.246,203.246,219.9775619636001,58.093495778680015,227.5191904416791,207.78175870022608,91.8877182659916
3.162,3.162,3.162,191.094,189.594,192.594,220.29980647299817,58.65180791420382,227.97376889380303,208.01270933104487,91.36314089721733
3.2,3.2,3.2,187.7,186.2,189.2,220.62939413071823,59.237858953991825,228.4435455160439,208.24769502015027,90.81905216071178
3.219,3.219,3.219,191.453,189.953,192.953,220.79013430541065,59.529621821820605,228.67457069129978,208.36180775796848,90.55062783699037
3.247,3.247,3.247,196.682,195.182,198.182,221.0221057749577,59.958054028513345,229.01034798472037,208.52587728695033,90.159357861712
3.254,3.254,3.254,217.847,217.847,217.847,221.0791869852701,60.06487650973213,229.09342266463565,208.56613348209984,90.06233031342099
3.254,3.254,3.254,206.147,206.147,206.147,221.0791869852701,60.06487650973213,229.09342266463565,208.56613348209984,90.06233031342099
3.304,3.304,3.304,201.441,199.941,202.941,221.47634939874695,60.8245733263464,229.676733831113,208.84485435023362,89.37826807582712
3.332,3.332,3.332,197.071,195.571,198.571,221.69070482430138,61.247459753826604,229.99569546361542,208.99420372433346,89.00193685455956
3.369,3.369,3.369,193.776,192.276,195.276,221.96514951756203,61.803474803757965,230.40876089717685,209.18418785571978,88.51185623927529
3.381,3.381,3.381,216.824,216.824,216.824,222.05201502860533,61.983120048752625,230.540678729898,209.2440105394228,88.35464145044355
3.381,3.381,3.381,202.324,202.324,202.324,222.05201502860533,61.983120048752625,230.540678729898,209.2440105394228,88.35464145044355
3.407,3.407,3.407,195.482,193.982,196.982,222.23664001271206,62.3712029359631,230.8230731963745,209.37062667675036,88.01686331673444
3.445,3.445,3.445,197.688,196.188,199.188,222.49770292377397,62.93557614051501,231.2274087354147,209.54833552079597,87.53008316065743
3.482,3.482,3.482,197.694,195.694,199.694,222.74196018741085,63.48187780371024,231.61159219178845,209.71304785161874,87.06379043648434
3.507,3.507,3.507,200.174,200.174,200.174,222.9014928382671,63.8492044563713,231.86590180369245,209.8197287821158,86.75291395129432
3.507,3.507,3.507,200.074,200.074,200.074,222.9014928382671,63.8492044563713,231.86590180369245,209.8197287821158,86.75291395129432
3.529,3.529,3.529,199.176,197.176,201.176,223.0382338394731,64.17125512623139,232.08619894062497,209.91055306190898,86.48207972899475
3.576,3.576,3.576,197.059,195.059,199.059,223.31901379890246,64.85552421755887,232.54595448136428,210.09508306842753,85.91187532863151
3.59,3.59,3.59,223.11,220.68,225.54000000000002,223.39968386469513,65.05836331972067,232.6800579952792,210.14756546609127,85.74419550133916
3.6,3.6,3.6,208,193,223,223.45647704722703,65.20297170517814,232.77505161323487,210.18435942509188,85.62502352505301
3.614,3.614,3.614,196.465,194.965,197.965,223.53483199971916,65.40503634375729,232.90693398065864,210.23490364154495,85.45901446025024
3.632,3.632,3.632,197.198,197.198,197.198,223.63360108253357,65.66417064388438,233.0746035918348,210.29823756521643,85.2469862548113
3.632,3.632,3.632,201.198,201.198,201.198,223.63360108253357,65.66417064388438,233.0746035918348,210.29823756521643,85.2469862548113
3.671,3.671,3.671,195.724,193.724,197.724,223.84003824558903,66.22307262707697,233.4306279603383,210.4291323260238,84.7929533282802
3.689,3.689,3.689,198.276,196.776,199.776,223.9318522735596,66.47984960327244,233.5916198538403,210.48664668310963,84.58583222102449
3.746,3.746,3.746,197.635,196.135,199.135,224.2083266699123,67.28808099283958,234.08771772953202,210.65684296110317,83.93982659207327
3.756,3.756,3.756,199.594,199.594,199.594,224.25461419512345,67.42911013317521,234.17262197181705,210.6848491282843,83.82801113469509
3.756,3.756,3.756,219.795,219.795,219.795,224.25461419512345,67.42911013317521,234.17262197181705,210.6848491282843,83.82801113469509
3.784,3.784,3.784,201.041,199.541,202.541,224.38073437375743,67.82277818728618,234.407003306532,210.76035520763756,83.51728934638255
3.821,3.821,3.821,201.947,200.447,203.447,224.53958024369183,68.34024435892792,234.70920752081992,210.85360749793105,83.111942990006
3.859,3.859,3.859,202.853,201.353,204.353,224.69356601364547,68.86845981081893,235.01077286933645,210.94174288074845,82.70172437510229
3.878,3.878,3.878,202.862,202.862,202.862,224.7671175483373,69.13134075692541,235.1582433295465,210.98294123072887,82.49887984799278
3.878,3.878,3.878,224.462,224.462,224.462,224.7671175483373,69.13134075692541,235.1582433295465,210.98294123072887,82.49887984799278
3.896,3.896,3.896,198.259,196.759,199.759,224.83469989394914,69.37963296953319,235.2959322797343,211.02022298431885,82.30808172063117
3.953,3.953,3.953,201.318,199.818,202.818,225.0353911901903,70.16107157108787,235.71911940299898,211.12719212470685,81.71250923044859
3.972,3.972,3.972,207.571,206.071,209.071,225.09783946175395,70.41992740124117,235.85589563448616,211.15914763798574,81.51683969819503
4,4,4,208.7,208.7,208.7,225.18586488452576,70.79992395110621,236.0536019112488,211.20291286828538,81.23102971340842
4,4,4,224.5,224.5,224.5,225.18586488452576,70.79992395110621,236.0536019112488,211.20291286828538,81.23102971340842
4.009,4.009,4.009,210.576,209.076,212.076,225.2131526561789,70.9216930544971,236.1161804600685,211.2161446388448,81.1397987284345
4.047,4.047,4.047,212.282,210.782,213.782,225.32302163722758,71.43383532147652,236.37524597230217,211.2675755344414,80.7579622625068
4.094,4.094,4.094,212.565,211.065,214.065,225.44709476260672,72.06282774557997,236.68427002990484,211.32139072601194,80.29306474726185
4.12,4.12,4.12,235.308,235.308,235.308,225.51019570753678,72.40867612243433,236.84987807861572,211.34657810227782,80.0393118720571
4.12,4.12,4.12,230.108,230.108,230.108,225.51019570753678,72.40867612243433,236.84987807861572,211.34657810227782,80.0393118720571
4.141,4.141,4.141,214.147,212.647,215.647,225.55831830856349,72.68692409523942,236.98089351805208,211.3645702740893,79.8361046833627
4.188,4.188,4.188,214.929,213.429,216.429,225.65692666600822,73.30614801173809,237.26533646672254,211.3973268283764,79.38685874413899
4.235,4.235,4.235,213.212,211.712,214.712,225.74315421469618,73.92052386772721,237.5378191439825,211.41987348462771,78.94511230193338
4.239,4.239,4.239,212.984,212.984,212.984,225.74992856396324,73.97258811622962,237.56046396496168,211.4213277525994,78.90785646583225
4.239,4.239,4.239,209.084,209.084,209.084,225.74992856396324,73.97258811622962,237.56046396496168,211.4213277525994,78.90785646583225
4.264,4.264,4.264,206.841,205.641,208.041,225.79028393062814,74.29719917998993,237.70007598539965,211.42878464450794,78.67619647304205
4.311,4.311,4.311,207.024,205.524,208.524,225.85698640755098,74.90378894540312,237.953684374666,211.435272717632,78.24614368117864
4.348,4.348,4.348,208.629,207.129,210.129,225.9012054419954,75.37795231049384,238.14531344259055,211.43357936886864,77.91250835956392
4.357,4.357,4.357,212.728,212.728,212.728,225.91087132059505,75.49284278522643,238.19087113620742,211.43227467515734,77.83199710604485
4.357,4.357,4.357,205.328,205.328,205.328,225.91087132059505,75.49284278522643,238.19087113620742,211.43227467515734,77.83199710604485
4.386,4.386,4.386,208.035,206.035,210.035,225.93914596846284,75.8618603275,238.3348894587351,211.42572228789234,77.57425983923291
4.4,4.4,4.4,215,195,235,225.95123905401,76.03936069813409,238.40290855067877,211.42128682246502,77.45074791763838
4.424,4.424,4.424,219.141,217.641,220.641,225.96963426105268,76.34267103396311,238.51725100854617,211.41177648056768,77.24037881588788
4.452,4.452,4.452,215.371,211.871,218.871,225.98740167545725,76.69497916399227,238.64707319594277,211.39766954102888,76.99710142793391
4.474,4.474,4.474,214.239,214.239,214.239,225.99860115388876,76.97062235827504,238.7464019199759,211.384337744815,76.80755921009437
4.474,4.474,4.474,203.739,203.739,203.739,225.99860115388876,76.97062235827504,238.7464019199759,211.384337744815,76.80755921009437
4.48,4.48,4.48,221.3,218.3,224.3,226.00123737937278,77.0456194574747,238.77308636987044,211.38036166643317,76.75610834407057
4.51,4.51,4.51,247.88,244.89,250.87,226.01175308874562,77.41946147864967,238.90392535471707,211.3583156911882,76.50039600089943
4.518,4.518,4.518,212.706,211.206,214.206,226.0138118818432,77.51883142981407,238.9380932116207,211.35183166474908,76.43263655801921
4.565,4.565,4.565,201.588,200.088,203.088,226.01964865385546,78.09990831378369,239.13276073393558,211.30866587424688,76.03815372673444
4.589,4.589,4.589,211.315,211.315,211.315,226.01855209518058,78.39484066255861,239.22821099048875,211.2833249302268,75.83905719374317
4.589,4.589,4.589,204.415,204.415,204.415,226.01855209518058,78.39484066255861,239.22821099048875,211.2833249302268,75.83905719374317
4.612,4.612,4.612,200.071,198.071,202.071,226.01495128915758,78.67635479604911,239.31721001681862,211.25698066699462,75.64971651130796
4.659,4.659,4.659,202.353,200.353,204.353,225.99994274026915,79.24820027565642,239.49165197462622,211.19698111018917,75.26717205346964
4.702,4.702,4.702,206.557,206.557,206.557,225.97736730048024,79.76737310670694,239.6426596923026,211.13497786915607,74.92222076839418
4.702,4.702,4.702,200.557,200.557,200.557,225.97736730048024,79.76737310670694,239.6426596923026,211.13497786915607,74.92222076839418
4.706,4.706,4.706,199.235,197.735,200.735,225.97484383713964,79.8154745513177,239.65629560909034,211.12887045548393,74.89037285164457
4.753,4.753,4.753,199.118,197.618,200.618,225.93987317732172,80.37820779326651,239.81134789546917,211.05285001719437,74.51917652199347
4.8,4.8,4.8,208.2,206.7,209.7,225.8952470287194,80.93643051598639,239.9570136812743,210.96911906355425,74.15344557235403
4.815,4.815,4.815,209.363,209.363,209.363,225.8790070047568,81.11364223754057,240.0015599167945,210.94080547507465,74.03785166642146
4.815,4.815,4.815,204.063,204.063,204.063,225.8790070047568,81.11364223754057,240.0015599167945,210.94080547507465,74.03785166642146
4.838,4.838,4.838,206.906,205.406,208.406,225.8522536335733,81.38448297795479,240.0680623093229,210.89591953040343,73.86165289749148
4.875,4.875,4.875,207.312,205.812,208.812,225.80456780650852,81.8179464878528,240.17052110900963,210.8200253129769,73.58082352353851
4.894,4.894,4.894,213.165,211.665,214.665,225.77788118479984,82.03946802532738,240.22099397466556,210.77931188322566,73.43785303033742
4.925,4.925,4.925,211.132,211.132,211.132,225.7311810324855,82.39934912977364,240.30026805505454,210.71039043722683,73.20636397568326
4.925,4.925,4.925,202.632,202.632,202.632,225.7311810324855,82.39934912977364,240.30026805505454,210.71039043722683,73.20636397568326
4.932,4.932,4.932,210.171,208.171,212.171,225.7200987759248,82.48034758434957,240.3176454799946,210.69440412464604,73.15439454082544
4.96,4.96,4.96,212.2,210.7,213.7,225.67381245415874,82.80336830109327,240.38524794504613,210.62891865655163,72.94761812812446
4.988,4.988,4.988,212.529,211.029,214.029,225.62442685556903,83.12483709790949,240.44982956213133,210.5609987300951,72.74258526853359
5.035,5.035,5.035,211.412,209.912,212.912,225.53468031133394,83.66097518930215,240.55155537381302,210.4416264293078,72.40227568229035
5.035,5.035,5.035,212.264,212.264,212.264,225.53468031133394,83.66097518930215,240.55155537381302,210.4416264293078,72.40227568229035
5.035,5.035,5.035,202.864,202.864,202.864,225.53468031133394,83.66097518930215,240.55155537381302,210.4416264293078,72.40227568229035
5.082,5.082,5.082,213.494,211.994,214.994,225.43652285527938,84.19279165772552,240.6450747557491,210.31569155877037,72.0666980209205
5.129,5.129,5.129,211.776,209.776,213.776,225.33015258167623,84.72031873483206,240.7305756837154,210.18337691247498,71.73574363073459
5.142,5.142,5.142,205.858,205.858,205.858,225.29930727709822,84.86547752127618,240.75283411510352,210.1456771021195,71.64500512035224
5.142,5.142,5.142,201.058,201.058,201.058,225.29930727709822,84.86547752127618,240.75283411510352,210.1456771021195,71.64500512035224
5.176,5.176,5.176,212.859,211.359,214.359,225.21576482071728,85.24358880840474,240.80824353978628,210.04486272700407,71.40930731910981
5.2,5.2,5.2,205,193,217,225.15432400518938,85.50915913686082,240.8449416419759,209.97179839303155,71.24432602672424
5.214,5.214,5.214,207.165,205.665,208.665,225.11755138909783,85.66356819063834,240.86543724365114,209.9284617256003,71.14861342575297
5.224,6.027,4.422,201.092,180.925,221.258,225.09086822477371,85.7736322669505,240.87966902677465,209.89718727604284,71.08048297497865
5.224,6.027,4.422,201.092,180.925,221.258,225.09086822477371,85.7736322669505,240.87966902677465,209.89718727604284,71.08048297497865
5.248,5.248,5.248,207.412,207.412,207.412,225.02542264396337,86.03701254874805,240.91244958367713,209.82105258940794,70.91776513551585
5.248,5.248,5.248,200.912,200.912,200.912,225.02542264396337,86.03701254874805,240.91244958367713,209.82105258940794,70.91776513551585
5.271,5.271,5.271,211.124,209.624,212.624,224.96085990749026,86.28839718959217,240.94205938330128,209.7466818285461,70.76287120402911
5.286,6.097,4.474,235.414,214.616,256.213,224.91779199208975,86.45180694654437,240.9604284502323,209.69744629524803,70.66239852634432
5.286,6.097,4.474,235.414,214.616,256.213,224.91779199208975,86.45180694654437,240.9604284502323,209.69744629524803,70.66239852634432
5.294,6.018,4.569,201.869,183.653,220.086,224.89451448369417,86.5387859964657,240.96992369712578,209.67095309171745,70.60898778664446
5.294,6.018,4.569,201.869,183.653,220.086,224.89451448369417,86.5387859964657,240.96992369712578,209.67095309171745,70.60898778664446
5.299,5.299,5.299,209.153,207.653,210.653,224.87985779195645,86.59308694783002,240.97575219860815,209.65431258425775,70.5756675130762
5.336,5.336,5.336,209.459,207.959,210.959,224.76883317606527,86.99346079427802,241.01636995916988,209.52922739801622,70.33055486595603
5.353,5.353,5.353,205.926,205.926,205.926,224.7163224428944,87.17656075211332,241.03356263563336,209.47062122181475,70.21878854782727
5.353,5.353,5.353,195.826,195.826,195.826,224.7163224428944,87.17656075211332,241.03356263563336,209.47062122181475,70.21878854782727
5.365,5.365,5.365,207.588,205.588,209.588,224.67869432292835,87.3054846510334,241.0451479138456,209.4288282107317,70.14021472029177
5.412,5.412,5.412,207.471,205.971,208.971,224.52690231328637,87.80787289616292,241.0861928957126,209.2618167883048,69.83498757962217
5.456,5.456,5.456,210.6,210.6,210.6,224.3785417172159,88.27451383768545,241.11847663840305,209.10077729671397,69.55282485974088
5.456,5.456,5.456,197.6,197.6,197.6,224.3785417172159,88.27451383768545,241.11847663840305,209.10077729671397,69.55282485974088
5.459,5.459,5.459,203.353,201.853,204.853,224.3682096190763,88.30620137741354,241.12046509862674,209.089635687184,69.53371081416589
5.506,5.506,5.506,205.535,204.035,207.035,224.20279180531668,88.80050305744805,241.14813123172655,208.91244662276424,69.23629994030915
5.53,5.53,5.53,253.14,251.45,254.82999999999998,224.11578516082912,89.05136995396852,241.15976374373375,208.82008699783836,69.08589505603476
5.534,5.534,5.534,206.465,204.965,207.965,224.10111954769613,89.09308016500252,241.1615407062626,208.80457227797498,69.060922745421
5.557,5.557,5.557,208.432,208.432,208.432,224.01588877979856,89.33235588796391,241.1708693733489,208.71469719158037,68.91785560476903
5.557,5.557,5.557,199.632,199.632,199.632,224.01588877979856,89.33235588796391,241.1708693733489,208.71469719158037,68.91785560476903
5.572,5.572,5.572,211.071,209.571,212.571,223.95948069179823,89.4878943747094,241.17614357842092,208.65547817714548,68.8250285672571
5.609,5.609,5.609,209.976,208.476,211.476,223.81760224949747,89.86983910904038,241.1864570372869,208.50739877128726,68.59764939701992
5.657,5.657,5.657,208.821,208.821,208.821,223.6278451407291,90.36171581081025,241.19422216661732,208.31114208147628,68.30600173694263
5.657,5.657,5.657,203.922,203.922,203.922,223.6278451407291,90.36171581081025,241.19422216661732,208.31114208147628,68.30600173694263
5.666,5.666,5.666,212.035,210.035,214.035,223.59156188085765,90.45349018500887,241.1949842574901,208.2738333728052,68.25173079342558
5.694,5.694,5.694,209.765,208.265,211.265,223.47728226407276,90.73810127802155,241.19597573690268,208.15675181855732,68.08371150723413
5.741,5.741,5.741,209.947,208.447,211.447,223.28077409859128,91.21276345707986,241.19301876203497,207.95685553189549,67.80444738646169
5.755,5.755,5.755,210.068,210.068,210.068,223.22112493245479,91.35341052636012,241.19103679637075,207.89651416408014,67.72192433898265
5.755,5.755,5.755,205.068,205.068,205.068,223.22112493245479,91.35341052636012,241.19103679637075,207.89651416408014,67.72192433898265
5.788,5.788,5.788,209.029,207.529,210.529,223.07853544669973,91.68359646077023,241.1844000697927,207.75286579766748,67.52859174993634
5.851,5.851,5.851,213.871,213.871,213.871,222.79873311832785,92.30876392249478,241.1642249091493,207.47326158374037,67.16405446720974
5.851,5.851,5.851,206.271,206.271,206.271,222.79873311832785,92.30876392249478,241.1642249091493,207.47326158374037,67.16405446720974
5.854,5.854,5.854,209.565,208.065,211.065,222.78516567192017,92.33836500215925,241.16302306683937,207.45977583489667,67.14684247671644
5.902,6.09,5.715,204.58,195.544,213.616,222.5651434339735,92.80990993004689,241.1408767774734,207.24194850851902,66.87323790587325
5.902,6.09,5.715,204.58,195.544,213.616,222.5651434339735,92.80990993004689,241.1408767774734,207.24194850851902,66.87323790587325
5.911,5.911,5.911,204.824,201.824,207.824,222.52327990116603,92.8978919360256,241.13612011503,207.200681933577,66.82230841753343
5.929,5.929,5.929,208.376,206.876,209.876,222.438984229029,93.07344795689512,241.12604259894258,207.11775509421653,66.72079755197755
5.945,5.945,5.945,209.329,209.329,209.329,222.3634238032424,93.22904229252815,241.11645852633617,207.0436067299277,66.63095297656214
5.976,5.976,5.976,210.059,208.559,211.559,222.21535784038636,93.52929138927506,241.09623308527839,206.8987978674665,66.4579070225757
6,6,6,211,205,217,222.09923709020217,93.7606464894898,241.07909479292664,206.78566909145218,66.32485802621865
6.024,6.024,6.024,214.141,212.641,215.641,221.98183778818404,93.99104997090848,241.0606848543608,206.6716704382871,66.19260493744355
6.038,6.038,6.038,217.642,217.642,217.642,221.91277195223114,94.12501424921015,241.0493656140521,206.60477638864361,66.11582170925209
6.038,6.038,6.038,213.242,213.242,213.242,221.91277195223114,94.12501424921015,241.0493656140521,206.60477638864361,66.11582170925209
6.052,6.052,6.052,220.471,218.971,221.971,221.84328122468722,94.25865702840275,241.03762330668155,206.53759562585446,66.03930506760167
6.095,6.751,5.439,204.045,187.219,220.872,221.6272278481095,94.66713008160214,240.99894946145474,206.32949768379044,65.80594031446472
6.095,6.751,5.439,204.045,187.219,220.872,221.6272278481095,94.66713008160214,240.99894946145474,206.32949768379044,65.80594031446472
6.108,6.108,6.108,222.729,221.229,224.229,221.56114326258867,94.79003016469827,240.9864934440305,206.2660728298618,65.7358737706525
6.128,6.128,6.128,218.609,218.609,218.609,221.45879118334668,94.97857330295753,240.96664827119628,206.16804248389448,65.62851476748297
6.128,6.128,6.128,213.209,213.209,213.209,221.45879118334668,94.97857330295753,240.96664827119628,206.16804248389448,65.62851476748297
6.142,6.323,5.961,219.014,214.225,223.804,221.3866566857349,95.11016958487618,240.95226937497674,206.09909852618566,65.5536756776718
6.142,6.323,5.961,219.014,214.225,223.804,221.3866566857349,95.11016958487618,240.95226937497674,206.09909852618566,65.5536756776718
6.146,6.146,6.146,203.635,202.135,205.135,221.36597360356777,95.14771059181591,240.9480879781357,206.0793519810539,65.53234006256558
6.193,6.193,6.193,204.818,203.318,206.318,221.1205432264033,95.58689679163999,240.89655347263755,205.84575366259244,65.28319699815808
6.212,6.212,6.212,218.671,217.171,220.171,221.02008774188565,95.76343984952099,240.87448100046558,205.75051269540015,65.18328306929534
6.212,6.411,6.014,245.232,229.934,260.531,221.02008774188565,95.76343984952099,240.87448100046558,205.75051269540015,65.18328306929534
6.212,6.411,6.014,245.232,229.934,260.531,221.02008774188565,95.76343984952099,240.87448100046558,205.75051269540015,65.18328306929534
6.217,6.217,6.217,219.129,219.129,219.129,220.99353533927788,95.80980326119074,240.86855557066957,205.72537364711428,65.15706608594425
6.217,6.217,6.217,213.429,213.429,213.429,220.99353533927788,95.80980326119074,240.86855557066957,205.72537364711428,65.15706608594425
6.259,6.259,6.259,218.853,217.353,220.353,220.76860202078146,96.19769506317618,240.8168851506846,205.51298631385757,64.93808516923342
6.278,6.574,5.981,181.356,170.471,192.241,220.6657508893138,96.37225737916475,240.7924118569783,205.41620489993176,64.83974504839225
6.278,6.574,5.981,181.356,170.471,192.241,220.6657508893138,96.37225737916475,240.7924118569783,205.41620489993176,64.83974504839225
6.304,6.304,6.304,220.702,220.702,220.702,220.523922270623,96.61021607391508,240.7578329846577,205.28307816446105,64.70589549149592
6.304,6.304,6.304,213.602,213.602,213.602,220.523922270623,96.61021607391508,240.7578329846577,205.28307816446105,64.70589549149592
6.306,6.306,6.306,220.735,219.235,222.235,220.51296098546524,96.62847687655855,240.75512145344058,205.27280515658066,64.69563367309955
6.324,6.619,6.03,180.741,168.334,193.148,220.41398241184865,96.79254392750241,240.73038903015177,205.18014227516767,64.60349647893723
6.324,6.619,6.03,180.741,168.334,193.148,220.41398241184865,96.79254392750241,240.73038903015177,205.18014227516767,64.60349647893723
6.344,6.344,6.344,224.041,222.541,225.541,220.30332200862523,96.97425070485241,240.702220570986,205.0767545925943,64.50158208123416
6.347,6.818,5.875,218.229,206.111,230.347,220.28666139777326,97.0014533027912,240.69793337839604,205.06120801360197,64.4863364835232
6.347,6.818,5.875,218.229,206.111,230.347,220.28666139777326,97.0014533027912,240.69793337839604,205.06120801360197,64.4863364835232
6.362,6.362,6.362,224.694,223.194,226.194,220.20311954513193,97.13725777788528,240.67625704671204,204.98332661118795,64.41027031878292
6.389,6.389,6.389,222.527,222.527,222.527,220.05175139023677,97.38083262813547,240.63623969231963,204.84252552899792,64.27402689006006
6.389,6.389,6.389,208.327,208.327,208.327,220.05175139023677,97.38083262813547,240.63623969231963,204.84252552899792,64.27402689006006
6.4,6.4,6.4,227.7,224.2,231.2,219.98972129656104,97.4797460652071,240.61957187451702,204.78493955321687,64.21876764378275
6.447,6.447,6.447,220.882,219.382,222.382,219.72237081050014,97.90029590565544,240.5460209045284,204.53747982155429,63.984255219230576
6.472,6.472,6.472,216.103,216.103,216.103,219.578664804082,98.12262641541345,240.50538424701057,204.40494698215704,63.86055666325777
6.472,6.472,6.472,202.804,202.804,202.804,219.578664804082,98.12262641541345,240.50538424701057,204.40494698215704,63.86055666325777
6.494,6.494,6.494,204.965,202.965,206.965,219.45136140629796,98.31749726486197,240.4687719673882,204.28781479881152,63.75229333144657
6.5,6.5,6.5,270.95,268.76,273.14,219.41650715936245,98.37051756885987,240.45864996040362,204.25578940582096,63.722862402742045
6.541,6.541,6.541,207.647,206.147,209.147,219.17681131072914,98.73138093434055,240.38793688024538,204.03605116357622,63.52283608077063
6.553,6.553,6.553,209.43,209.43,209.43,219.10616002435455,98.83652538064015,240.36673669610775,203.9714474104085,63.464647211079836
6.553,6.553,6.553,208.731,208.731,208.731,219.10616002435455,98.83652538064015,240.36673669610775,203.9714474104085,63.464647211079836
6.588,6.588,6.588,207.829,192.829,222.829,218.89883646336327,99.1419775201385,240.3036252569193,203.78229337428522,63.29583871569968
6.632,6.632,6.632,211.207,211.207,211.207,218.6356017345882,99.52341373620239,240.2216397986509,203.54301634658228,63.08552119542459
6.632,6.632,6.632,211.308,211.308,211.308,218.6356017345882,99.52341373620239,240.2216397986509,203.54301634658228,63.08552119542459
6.635,6.635,6.635,209.412,207.412,211.412,218.61755054763674,99.54931743830568,240.21594453716233,203.52664369808193,63.071257596223106
6.682,6.682,6.682,208.994,206.994,210.994,218.33306502198025,99.95343091066142,240.12500001604295,203.26920223983004,62.84905015857923
6.709,6.709,6.709,207.734,207.734,207.734,218.1682326670525,100.1841337330138,240.07131939675665,203.12053813064384,62.722456396991184
6.709,6.709,6.709,213.234,213.234,213.234,218.1682326670525,100.1841337330138,240.07131939675665,203.12053813064384,62.722456396991184
6.729,6.729,6.729,208.176,206.176,210.176,218.04548915097186,100.35434796084843,240.03089487341757,203.01006697125376,62.62917488136803
6.758,6.758,6.758,210.106,208.606,211.606,217.86655374277433,100.6001407038304,239.97129734487757,202.84937181561975,62.494652926871645
6.776,6.776,6.776,208.659,207.159,210.159,217.7549300364693,100.75209841066248,239.9337302034448,202.74933376015258,62.41159125295894
6.784,6.784,6.784,209.51,209.51,209.51,217.70518365122922,100.81948738184104,239.9168939957181,202.70480128402292,62.374781110415704
6.784,6.784,6.784,211.21,211.21,211.21,217.70518365122922,100.81948738184104,239.9168939957181,202.70480128402292,62.374781110415704
6.8,6.8,6.8,208,200,216,217.60544276867304,100.95399324959399,239.8829662055839,202.61560743445352,62.30135579819507
6.814,6.814,6.814,214.965,212.965,216.965,217.5179007661609,101.07138905642621,239.85300256513966,202.53742419183337,62.237320910033425
6.852,6.852,6.852,202.071,200.571,203.571,217.27904451161604,101.3886446462033,239.7703910975559,202.32458000773,62.06450229404886
6.857,6.857,6.857,210.233,210.233,210.233,217.24748289002147,101.43023811999169,239.75938360599858,202.29650715011826,62.04187001298641
6.857,6.857,6.857,210.834,210.834,210.834,217.24748289002147,101.43023811999169,239.75938360599858,202.29650715011826,62.04187001298641
6.889,6.889,6.889,205.776,204.276,207.276,217.04476949217002,101.69561070363179,239.68819161630356,202.1164844035973,61.89760736750573
6.918,6.918,6.918,205.406,203.906,206.906,216.86000482386558,101.934876460589,239.62257976084504,201.95282276962308,61.767734879618985
6.928,6.928,6.928,209.405,209.405,209.405,216.79606451787498,102.01711241979659,239.59971789823132,201.89627785164947,61.723140451107426
6.928,6.928,6.928,208.605,208.605,208.605,216.79606451787498,102.01711241979659,239.59971789823132,201.89627785164947,61.723140451107426
6.965,6.965,6.965,210.088,208.588,211.588,216.55848783916008,102.32019000859988,239.51409131527026,201.68659007622753,61.558976971913005
6.997,6.997,6.997,208.424,208.424,208.424,216.35177649218315,102.58080133645346,239.4387437198761,201.50466361327344,61.41804909617389
6.997,6.997,6.997,205.624,205.624,205.624,216.35177649218315,102.58080133645346,239.4387437198761,201.50466361327344,61.41804909617389
7.012,7.012,7.012,201.671,200.171,203.171,216.2544938015076,102.7024835367596,239.40302047794776,201.4192100488194,61.352321489399344
7.059,7.059,7.059,210.953,209.453,212.453,215.94811744413263,103.08178558820106,239.28945640733266,201.15076650502743,61.147733377755245
7.064,7.064,7.064,207.289,207.289,207.289,215.9153878664925,103.12196199373066,239.27723201962684,201.12214949537744,61.12608892789742
7.064,7.064,7.064,210.29,210.29,210.29,215.9153878664925,103.12196199373066,239.27723201962684,201.12214949537744,61.12608892789742
7.106,7.106,7.106,207.435,205.435,209.435,215.63945155339673,103.45812448535902,239.1734863823283,200.88134136337376,60.94517839549711
7.128,7.128,7.128,219.101,219.101,219.101,215.49420873396946,103.63327294640136,239.1184000855286,200.75491289283008,60.851054511690535
7.128,7.128,7.128,211.401,211.401,211.401,215.49420873396946,103.63327294640136,239.1184000855286,200.75491289283008,60.851054511690535
7.146,7.076,7.216,200.88,198.809,202.952,215.37502181933647,103.77609991247316,239.07295735135597,200.65133015302928,60.77436758202729
7.146,7.076,7.216,200.88,198.809,202.952,215.37502181933647,103.77609991247316,239.07295735135597,200.65133015302928,60.77436758202729
7.153,7.153,7.153,208.818,206.818,210.818,215.32858699888553,103.8315283281575,239.05519583120878,200.61101467210463,60.74462308990664
7.19,7.19,7.19,205.359,205.359,205.359,215.08237533361356,104.12343800319734,238.96049573256894,200.39762124942123,60.58812447982627
7.19,7.19,7.19,208.559,208.559,208.559,215.08237533361356,104.12343800319734,238.96049573256894,200.39762124942123,60.58812447982627
7.2,7.2,7.2,206,204,208,215.01561276326234,104.20202499238847,238.93466836036066,200.33986463785658,60.546034773822775
7.205,7.249,7.161,201.436,199.617,203.254,214.98219709377008,104.24126958782307,238.9217180428473,200.31097360884738,60.52502278819133
7.205,7.249,7.161,201.436,199.617,203.254,214.98219709377008,104.24126958782307,238.9217180428473,200.31097360884738,60.52502278819133
7.219,7.219,7.219,207.553,206.353,208.753,214.8885123352864,104.35098136680529,238.8853282348832,200.23003453579776,60.46630540765616
7.229,7.288,7.169,208.777,206.58,210.973,214.82148653987397,104.42919106033843,238.85922009568296,200.17218187774748,60.42446889437401
7.229,7.288,7.169,208.777,206.58,210.973,214.82148653987397,104.42919106033843,238.85922009568296,200.17218187774748,60.42446889437401
7.25,7.25,7.25,206.162,206.162,206.162,214.68044312607836,104.59300992782627,238.80408368906032,200.05058891941601,60.33689413240047
7.25,7.25,7.25,206.462,206.462,206.462,214.68044312607836,104.59300992782627,238.80408368906032,200.05058891941601,60.33689413240047
7.266,7.266,7.266,202.635,201.035,204.235,214.5727222277818,104.71744223468737,238.76179726333083,199.95785687033566,60.270425487456095
7.308,7.308,7.308,203.009,203.009,203.009,214.28891397189125,105.04251329288672,238.64967682806295,199.7140883353338,60.09698505452175
7.308,7.308,7.308,207.009,207.009,207.009,214.28891397189125,105.04251329288672,238.64967682806295,199.7140883353338,60.09698505452175
7.322,7.322,7.322,205.994,204.494,207.494,214.19398372949854,105.15036949458305,238.61195039385606,199.63272705676155,60.03950346790674
7.341,7.341,7.341,201.847,200.347,203.347,214.06489411303767,105.29634728063643,238.56047376351015,199.5222295169288,59.96175590992955
7.36,7.36,7.36,200.6,199.1,202.1,213.9355149269482,105.44186782286698,238.5086833577206,199.41164564980406,59.88430960710283
7.364,7.364,7.364,208.201,208.201,208.201,213.908240805683,105.47244562912333,238.49774060055674,199.38835427008297,59.8680433268606
7.364,7.364,7.364,206.801,206.801,206.801,213.908240805683,105.47244562912333,238.49774060055674,199.38835427008297,59.8680433268606
7.393,7.251,7.536,205.94,202.216,209.664,213.71013119906664,105.69353252143655,238.41800056619516,199.21938740763952,59.75050787473586
7.393,7.251,7.536,205.94,202.216,209.664,213.71013119906664,105.69353252143655,238.41800056619516,199.21938740763952,59.75050787473586
7.4,7.597,7.202,212.588,207.498,217.677,213.66221490835414,105.74674018066048,238.39864751793334,199.1785759374317,59.722240813030034
7.4,7.597,7.202,212.588,207.498,217.677,213.66221490835414,105.74674018066048,238.39864751793334,199.1785759374317,59.722240813030034
7.417,7.417,7.417,200.637,200.637,200.637,213.54569290217674,105.87570366479731,238.3514790883135,199.07942205376446,59.65375891172836
7.417,7.417,7.417,206.637,206.637,206.637,213.54569290217674,105.87570366479731,238.3514790883135,199.07942205376446,59.65375891172836
7.435,7.435,7.435,205.412,201.412,209.412,213.42208238954723,106.01186043178447,238.30127948397347,198.97437621839043,59.58150482018206
7.469,7.469,7.469,203.116,203.116,203.116,213.18795361594914,106.26794826251296,238.2057522287827,198.77580283104837,59.445738196195414
7.469,7.469,7.469,205.016,205.016,205.016,213.18795361594914,106.26794826251296,238.2057522287827,198.77580283104837,59.445738196195414
7.473,7.473,7.473,205.318,203.818,206.818,213.16035488967503,106.29798227517169,238.19445403381022,198.75242896925505,59.42982659575083
7.511,7.511,7.511,209.224,206.224,212.224,212.8976130804585,106.58232384087323,238.08650825000015,198.53026105038953,59.27930089841296
7.518,7.518,7.518,202.039,202.039,202.039,212.84910581687978,106.63450946935777,238.066504273104,198.48931404913958,59.25169703153867
7.518,7.518,7.518,197.939,197.939,197.939,212.84910581687978,106.63450946935777,238.066504273104,198.48931404913958,59.25169703153867
7.558,7.558,7.558,204.906,203.706,206.106,212.57129926158348,106.93156737351876,237.95150214006858,198.2552203281715,59.09469702843682
7.56,7.56,7.56,267.8,266.84000000000003,268.76,212.55738162165864,106.94636924952076,237.9457214944414,198.24351110798932,59.08687975252084
7.564,7.564,7.564,200.904,200.904,200.904,212.5295386683924,106.9759584703783,237.93415159925192,198.22009148375483,59.071254503073376
7.564,7.564,7.564,205.904,205.904,205.904,212.5295386683924,106.9759584703783,237.93415159925192,198.22009148375483,59.071254503073376
7.567,7.567,7.567,205.282,204.082,206.482,212.5086497613379,106.99813767908562,237.9254666700888,198.2025257486798,59.05954369750587
7.591,7.593,7.588,203.481,203.054,203.909,212.34133434952685,107.17518007856187,237.85575775711152,198.0619704979506,58.966107314092724
7.591,7.593,7.588,203.481,203.054,203.909,212.34133434952685,107.17518007856187,237.85575775711152,198.0619704979506,58.966107314092724
7.6,7.6,7.6,203,195,211,212.27849874053024,107.2413920868892,237.82951289582883,198.0092498809531,58.931182829055636
7.608,7.608,7.608,201.711,201.711,201.711,212.22260323119582,107.30016551810705,237.80613710003098,197.962381984373,58.90019088222172
7.608,7.608,7.608,206.111,206.111,206.111,212.22260323119582,107.30016551810705,237.80613710003098,197.962381984373,58.90019088222172
7.624,7.624,7.624,200.241,198.941,201.541,212.11069610998248,107.41748225383179,237.75925407439686,197.86863296128084,58.838353394430705
7.65,7.65,7.65,202.561,202.561,202.561,211.9285230935427,107.60746975972245,237.68270119783614,197.71625849041317,58.73828154936603
7.65,7.65,7.65,207.161,207.161,207.161,211.9285230935427,107.60746975972245,237.68270119783614,197.71625849041317,58.73828154936603
7.671,7.671,7.671,200.424,198.924,201.924,211.78109758034603,107.76033426218412,237.62054400374075,197.59316359489392,58.65782598458155
7.69,7.69,7.69,202.052,202.052,202.052,211.64749816060757,107.89819032371682,237.56406073473613,197.48177893460402,58.58531701482035
7.69,7.69,7.69,209.752,209.752,209.752,211.64749816060757,107.89819032371682,237.56406073473613,197.48177893460402,58.58531701482035
7.718,7.718,7.718,202.706,201.206,204.206,211.45025340350088,108.10057117475255,237.4804058290125,197.3176188786468,58.478950121455625
7.727,7.727,7.727,201.285,201.285,201.285,211.3867638989965,108.16542669382859,237.45341329100344,197.26485127957963,58.444883608250876
7.727,7.727,7.727,207.985,207.985,207.985,211.3867638989965,108.16542669382859,237.45341329100344,197.26485127957963,58.444883608250876
7.755,7.755,7.755,199.812,198.512,201.112,211.18897016098256,108.36659399479589,237.3691214368232,197.10068580738843,58.339278414783124
7.762,7.762,7.762,203.659,203.659,203.659,211.13945883790544,108.41674307588458,237.34797504412361,197.0596455145448,58.31296644225164
7.762,7.762,7.762,206.659,206.659,206.659,211.13945883790544,108.41674307588458,237.34797504412361,197.0596455145448,58.31296644225164
7.774,7.774,7.774,199.565,198.065,201.065,211.05452490484416,108.50258051667149,237.3116568177515,196.98929269664143,58.26794291235625
7.795,7.795,7.795,204.074,204.074,204.074,210.9057190588443,108.65239467442484,237.24789819978415,196.8661837361884,58.18940205049708
7.795,7.795,7.795,205.574,205.574,205.574,210.9057190588443,108.65239467442484,237.24789819978415,196.8661837361884,58.18940205049708
7.812,7.812,7.812,202.471,200.971,203.971,210.78510075091663,108.77329993836236,237.1960992049722,196.7665348690459,58.126053446346155
7.825,7.825,7.825,208.829,208.829,208.829,210.6927708594944,108.86553258648475,237.15637853068677,196.69034104721615,58.077749753098864
7.825,7.825,7.825,204.43,204.43,204.43,210.6927708594944,108.86553258648475,237.15637853068677,196.69034104721615,58.077749753098864
7.83,7.88,7.781,238.754,216.757,260.751,210.657238375542,108.90095504011687,237.14107634203629,196.6610379110608,58.059203449016515
7.83,7.88,7.781,238.754,216.757,260.751,210.657238375542,108.90095504011687,237.14107634203629,196.6610379110608,58.059203449016515
7.853,7.853,7.853,211.725,211.725,211.725,210.49364149591338,109.0635298373525,237.070509871627,196.52626137297653,57.974118712528
7.853,7.853,7.853,202.625,202.625,202.625,210.49364149591338,109.0635298373525,237.070509871627,196.52626137297653,57.974118712528
7.859,7.859,7.859,211.553,210.053,213.053,210.45092481555633,109.10584132484497,237.05205412930974,196.49110761886485,57.95198414523857
7.878,7.878,7.878,209.162,209.162,209.162,210.3155505469508,109.23955743503298,236.99348453168258,196.37980393211876,57.8820582506096
7.878,7.878,7.878,202.562,202.562,202.562,210.3155505469508,109.23955743503298,236.99348453168258,196.37980393211876,57.8820582506096
7.902,7.902,7.902,210.638,210.638,210.638,210.14432892606098,109.40787677252503,236.91923197506895,196.23925000494913,57.79409154590149
7.902,7.902,7.902,202.138,202.138,202.138,210.14432892606098,109.40787677252503,236.91923197506895,196.23925000494913,57.79409154590149
7.906,7.906,7.906,209.835,208.335,211.335,210.115768365138,109.43586668716887,236.90682774720554,196.21582915577065,57.77946938461856
7.922,7.922,7.922,213.154,213.154,213.154,210.0014600255445,109.5476460096183,236.85712984647307,196.12216066080586,57.721091527444955
7.922,7.922,7.922,203.954,203.954,203.954,210.0014600255445,109.5476460096183,236.85712984647307,196.12216066080586,57.721091527444955
7.94,7.94,7.94,225.509,225.509,225.509,209.87273903258017,109.67305375131156,236.80106694898055,196.01681402260715,57.65562747465764
7.94,7.94,7.94,202.109,202.109,202.109,209.87273903258017,109.67305375131156,236.80106694898055,196.01681402260715,57.65562747465764
7.953,7.953,7.953,211.118,209.618,212.618,209.77969400392058,109.76340021741599,236.7604782130396,195.94075192165087,57.60848616313906
7.956,7.956,7.956,235.504,235.504,235.504,209.75821272077118,109.78422257119684,236.75109995388485,195.9232018324409,57.59762381060298
7.956,7.956,7.956,202.104,202.104,202.104,209.75821272077118,109.78422257119684,236.75109995388485,195.9232018324409,57.59762381060298
7.965,7.963,7.967,199.13,196.116,202.143,209.69374808810574,109.8466293668089,236.72293925702897,195.87055786551727,57.565073582622986
7.965,7.963,7.967,199.13,196.116,202.143,209.69374808810574,109.8466293668089,236.72293925702897,195.87055786551727,57.565073582622986
7.97,7.97,7.97,209.039,209.039,209.039,209.65792104776784,109.88126079317722,236.7072777325832,195.84131539679086,57.547013951250705
7.97,7.97,7.97,203.039,203.039,203.039,209.65792104776784,109.88126079317722,236.7072777325832,195.84131539679086,57.547013951250705
7.981,7.981,7.981,210.413,210.413,210.413,209.57906840346243,109.9573520026583,236.67278080146792,195.77699282691106,57.50734251774731
7.981,7.981,7.981,200.013,200.013,200.013,209.57906840346243,109.9573520026583,236.67278080146792,195.77699282691106,57.50734251774731
7.989,7.989,7.989,208.726,208.726,208.726,209.521692741581,110.01260662845715,236.64765654129164,195.73022244734355,57.478542043915105
7.989,7.989,7.989,200.526,200.526,200.526,209.521692741581,110.01260662845715,236.64765654129164,195.73022244734355,57.478542043915105
7.995,7.995,7.995,211.778,211.778,211.778,209.4786455652408,110.05400101589613,236.62879386806387,195.69515017411527,57.456970062654754
7.995,7.995,7.995,200.078,200.078,200.078,209.4786455652408,110.05400101589613,236.62879386806387,195.69515017411527,57.456970062654754
7.995,7.986,8.004,203.38,201.857,204.903,209.4786455652408,110.05400101589613,236.62879386806387,195.69515017411527,57.456970062654754
7.995,7.986,8.004,203.38,201.857,204.903,209.4786455652408,110.05400101589613,236.62879386806387,195.69515017411527,57.456970062654754
7.999,7.999,7.999,209.67,209.67,209.67,209.4499401686999,110.08157511967767,236.616209540896,195.67177134007397,57.44260222795586
7.999,7.999,7.999,200.07,200.07,200.07,209.4499401686999,110.08157511967767,236.616209540896,195.67177134007397,57.44260222795586
8,8,8,200,200,200,209.4427629149219,110.08846587839645,236.61306231249162,195.66592697108445,57.439011953117024
8,8,8,207.5,206,209,209.4427629149219,110.08846587839645,236.61306231249162,195.66592697108445,57.439011953117024
8,8,8,200,200,200,209.4427629149219,110.08846587839645,236.61306231249162,195.66592697108445,57.439011953117024
8.048,7.941,8.155,197.144,193.79,200.499,209.09784095325026,110.41792530992848,236.46146688426782,195.38556671845367,57.26746648703168
8.048,7.941,8.155,197.144,193.79,200.499,209.09784095325026,110.41792530992848,236.46146688426782,195.38556671845367,57.26746648703168
8.055,7.656,8.455,201.386,191.175,211.597,209.04747412158142,110.4657599858346,236.43927458411233,195.34471025854742,57.24257763567712
8.055,7.656,8.455,201.386,191.175,211.597,209.04747412158142,110.4657599858346,236.43927458411233,195.34471025854742,57.24257763567712
8.073,8.046,8.099,187.494,186.515,188.472,208.91788565414896,110.58851747502011,236.38211257098726,195.23968768516826,57.178726441643434
8.073,8.046,8.099,187.494,186.515,188.472,208.91788565414896,110.58851747502011,236.38211257098726,195.23968768516826,57.178726441643434
8.092,8.054,8.13,202.093,201.057,203.13,208.780985440328,110.71771173239554,236.32162739091888,195.12889050282482,57.11155922303469
8.092,8.054,8.13,202.093,201.057,203.13,208.780985440328,110.71771173239554,236.32162739091888,195.12889050282482,57.11155922303469
8.138,8.106,8.17,211.652,210.369,212.934,208.4490873313774,111.02887769840872,236.17458307839226,194.86091832243213,56.94991909550392
8.138,8.106,8.17,211.652,210.369,212.934,208.4490873313774,111.02887769840872,236.17458307839226,194.86091832243213,56.94991909550392
8.177,8.112,8.243,193.441,191.241,195.642,208.1672212708735,111.29090884175736,236.04927113308602,194.6340531683981,56.81394615394981
8.177,8.112,8.243,193.441,191.241,195.642,208.1672212708735,111.29090884175736,236.04927113308602,194.6340531683981,56.81394615394981
8.26,8.158,8.361,189.373,186.781,191.965,207.56605252857096,111.84317935763207,235.78075182490392,194.15236278199586,56.527780088160284
8.26,8.158,8.361,189.373,186.781,191.965,207.56605252857096,111.84317935763207,235.78075182490392,194.15236278199586,56.527780088160284
8.305,8.266,8.344,198.369,196.942,199.796,207.23945995344903,112.13957452059515,235.6342036620688,193.8919118077223,56.374426370560926
8.305,8.266,8.344,198.369,196.942,199.796,207.23945995344903,112.13957452059515,235.6342036620688,193.8919118077223,56.374426370560926
8.34,8.34,8.34,270.52,269.85999999999996,271.18,206.9851615800552,112.36864820640423,235.51978730895667,193.68971280000085,56.25601034045167
8.378,8.34,8.416,231.714,222.55,240.877,206.70881331235665,112.61592601911812,235.39515775424564,193.4705741886446,56.12828547034574
8.378,8.34,8.416,231.714,222.55,240.877,206.70881331235665,112.61592601911812,235.39515775424564,193.4705741886446,56.12828547034574
8.383,8.259,8.508,165.661,162.084,169.239,206.67243342989175,112.64835227246778,235.378728880787,193.44177159025335,56.11154425081557
8.383,8.259,8.508,165.661,162.084,169.239,206.67243342989175,112.64835227246778,235.378728880787,193.44177159025335,56.11154425081557
8.436,8.3,8.572,209.601,204.257,214.946,206.2865685291462,112.99050383322762,235.2041715446747,193.1369318160771,55.93500338135587
8.436,8.3,8.572,209.601,204.257,214.946,206.2865685291462,112.99050383322762,235.2041715446747,193.1369318160771,55.93500338135587
8.441,8.396,8.485,192.557,189.094,196.021,206.2501451216286,113.02263511374714,235.1876663661343,193.1082185970779,55.91843446503476
8.441,8.396,8.485,192.557,189.094,196.021,206.2501451216286,113.02263511374714,235.1876663661343,193.1082185970779,55.91843446503476
8.462,8.3,8.623,188.915,184.846,192.984,206.09713045081057,113.15731090283776,235.11827702418185,192.98771088433875,55.849005454089934
8.462,8.3,8.623,188.915,184.846,192.984,206.09713045081057,113.15731090283776,235.11827702418185,192.98771088433875,55.849005454089934
8.562,8.374,8.751,201.026,196.227,205.824,205.36779694868787,113.79256910258215,234.78645788572095,192.41590024334204,55.52190292502162
8.562,8.374,8.751,201.026,196.227,205.824,205.36779694868787,113.79256910258215,234.78645788572095,192.41590024334204,55.52190292502162
8.607,8.381,8.832,168.311,162.562,174.061,205.03930247234618,114.07520686390663,234.6364600384803,192.15974515930577,55.376570061865124
8.607,8.381,8.832,168.311,162.562,174.061,205.03930247234618,114.07520686390663,234.6364600384803,192.15974515930577,55.376570061865124
8.628,8.387,8.869,196.398,189.619,203.177,204.88595886021994,114.20642646348084,234.56633173503437,192.04046522660477,55.30913749089561
8.628,8.387,8.869,196.398,189.619,203.177,204.88595886021994,114.20642646348084,234.56633173503437,192.04046522660477,55.30913749089561
8.741,8.601,8.881,199.124,194.804,203.444,204.06050507126778,114.90519532018703,234.18773162040583,191.40159991974684,54.95046781386543
8.741,8.601,8.881,199.124,194.804,203.444,204.06050507126778,114.90519532018703,234.18773162040583,191.40159991974684,54.95046781386543
8.785,8.505,9.065,179.804,172.718,186.89,203.73902552092667,115.1739841811363,234.0398195871238,191.15425787632506,54.81268434060031
8.785,8.505,9.065,179.804,172.718,186.89,203.73902552092667,115.1739841811363,234.0398195871238,191.15425787632506,54.81268434060031
8.853,8.54,9.166,192.623,184.712,200.534,203.2422330946797,115.58580433444625,233.81078563007526,190.77365097147893,54.601770105732115
8.853,8.54,9.166,192.623,184.712,200.534,203.2422330946797,115.58580433444625,233.81078563007526,190.77365097147893,54.601770105732115
8.862,8.753,8.971,192.245,189.166,195.324,203.17648997540596,115.63998678841516,233.78043678449885,190.72343050949314,54.57403704539449
8.862,8.753,8.971,192.245,189.166,195.324,203.17648997540596,115.63998678841516,233.78043678449885,190.72343050949314,54.57403704539449
8.98,8.66,9.3,159.935,151.919,167.951,202.31489121219641,116.34348273891298,233.38192128359603,190.06844574627988,54.214291413362346
8.98,8.66,9.3,159.935,151.919,167.951,202.31489121219641,116.34348273891298,233.38192128359603,190.06844574627988,54.214291413362346
9.12,8.8,9.44,193,186.5,199.5,201.29409279767572,117.16181514433768,232.90814224314968,189.3000961146008,53.79656362656657
9.164,8.744,9.583,173.001,161.723,184.279,200.9737269874643,117.41542068618882,232.75914580129077,189.0606739570914,53.667258905577505
9.164,8.744,9.583,173.001,161.723,184.279,200.9737269874643,117.41542068618882,232.75914580129077,189.0606739570914,53.667258905577505
9.194,7.758,10.631,201.865,165.887,237.844,200.75544583052795,117.58736476479277,232.65755389185725,188.89801402898422,53.57962929467153
9.194,7.758,10.631,201.865,165.887,237.844,200.75544583052795,117.58736476479277,232.65755389185725,188.89801402898422,53.57962929467153
9.207,8.972,9.442,177.061,170.812,183.31,200.66089758350594,117.66163135257362,232.61353209039063,188.82767646632317,53.54178954089114
9.207,8.972,9.442,177.061,170.812,183.31,200.66089758350594,117.66163135257362,232.61353209039063,188.82767646632317,53.54178954089114
9.291,8.839,9.743,174.977,163.614,186.339,200.050608339259,118.13800303278104,232.32914939258268,188.3753866320722,53.29920413339947
9.291,8.839,9.743,174.977,163.614,186.339,200.050608339259,118.13800303278104,232.32914939258268,188.3753866320722,53.29920413339947
9.34,9.34,9.34,160,157.98,162.01,199.69516230083573,118.41311077056523,232.16335337154158,188.1133415617883,53.15920973427568
9.346,8.622,10.07,162.471,144.369,180.574,199.65166861058864,118.44665818927092,232.14305851176832,188.08134657059406,53.14214326380507
9.346,8.622,10.07,162.471,144.369,180.574,199.65166861058864,118.44665818927092,232.14305851176832,188.08134657059406,53.14214326380507
9.383,8.893,9.872,191.772,179.462,204.082,199.38361038365295,118.65286676154851,232.01794516880392,187.88449302128646,53.03726201471376
9.383,8.893,9.872,191.772,179.462,204.082,199.38361038365295,118.65286676154851,232.01794516880392,187.88449302128646,53.03726201471376
9.396,8.847,9.946,164.06,150.271,177.849,199.2894918577108,118.72504687284335,231.97400354320618,187.81551276843567,53.000558999687975
9.396,8.847,9.946,164.06,150.271,177.849,199.2894918577108,118.72504687284335,231.97400354320618,187.81551276843567,53.000558999687975
9.41,8.857,9.963,169.446,155.599,183.294,199.18817179855864,118.80262206220765,231.92669271411572,187.74133436865915,52.96111776603247
9.41,8.857,9.963,169.446,155.599,183.294,199.18817179855864,118.80262206220765,231.92669271411572,187.74133436865915,52.96111776603247
9.44,9.44,9.44,174.33,169.27,179.38,198.97119462999885,118.96830762300371,231.82535346931002,187.5827601086014,52.87689648120483
9.447,8.809,10.084,179.11,163.166,195.055,198.9205941286,119.00686062850943,231.80171622558942,187.54583428548875,52.857302596020396
9.447,9.085,9.809,169.068,159.98,178.156,198.9205941286,119.00686062850943,231.80171622558942,187.54583428548875,52.857302596020396
9.447,8.809,10.084,179.11,163.166,195.055,198.9205941286,119.00686062850943,231.80171622558942,187.54583428548875,52.857302596020396
9.447,9.085,9.809,169.068,159.98,178.156,198.9205941286,119.00686062850943,231.80171622558942,187.54583428548875,52.857302596020396
9.45,9.45,9.45,235.58,227.14000000000001,244.02,198.89891143715678,119.02337098935405,231.79158701850105,187.53001763565786,52.848911882006746
9.453,9.269,9.638,199.12,194.499,203.741,198.87723069839817,119.03987394318334,231.78145844452885,187.51420621424845,52.840525162620146
9.453,9.269,9.638,199.12,194.499,203.741,198.87723069839817,119.03987394318334,231.78145844452885,187.51420621424845,52.840525162620146
9.498,8.978,10.018,212.639,199.633,225.645,198.55225862706445,119.28653244236109,231.62960999844375,187.2776653997958,52.71520158077348
9.498,8.978,10.018,212.639,199.633,225.645,198.55225862706445,119.28653244236109,231.62960999844375,187.2776653997958,52.71520158077348
9.5,9.5,9.5,146.01,139.96,152.06,198.53782602363856,119.29745662230007,231.62286484443229,187.26718004397677,52.70965232010431
9.52,8.967,10.073,190.702,176.879,204.525,198.39355083607938,119.40651938943697,231.5554315623972,187.16245633953423,52.65425592821496
9.52,8.967,10.073,190.702,176.879,204.525,198.39355083607938,119.40651938943697,231.5554315623972,187.16245633953423,52.65425592821496
9.572,9.413,9.732,163.145,154.799,171.491,198.01887936316535,119.68856670752638,231.3802705174878,186.89128701980604,52.51103873084929
9.572,9.413,9.732,163.145,154.799,171.491,198.01887936316535,119.68856670752638,231.3802705174878,186.89128701980604,52.51103873084929
9.577,9.396,9.758,188.017,183.463,192.57,197.98288794759108,119.71557184410443,231.36344149849893,186.86529829157172,52.49732935048074
9.577,9.396,9.758,188.017,183.463,192.57,197.98288794759108,119.71557184410443,231.36344149849893,186.86529829157172,52.49732935048074
9.585,8.828,10.342,167.46,148.506,186.415,197.92531461062578,119.75873835338702,231.3365201945214,186.82374760654054,52.475416658573174
9.585,8.828,10.342,167.46,148.506,186.415,197.92531461062578,119.75873835338702,231.3365201945214,186.82374760654054,52.475416658573174
9.61,9.61,9.61,144.07,137.98,150.16,197.74550172065344,119.8933036675855,231.25243288467433,186.69415063835322,52.40711594414181
9.618,8.997,10.238,192.827,176.993,208.661,197.6879952311913,119.9362592484022,231.22553868685753,186.65275953246356,52.38531597816359
9.618,8.997,10.238,192.827,176.993,208.661,197.6879952311913,119.9362592484022,231.22553868685753,186.65275953246356,52.38531597816359
9.669,9.419,9.92,220.832,213.886,227.779,197.32178446499472,120.20890738413155,231.05425345346177,186.3898083230124,52.24697781485576
9.669,9.419,9.92,220.832,213.886,227.779,197.32178446499472,120.20890738413155,231.05425345346177,186.3898083230124,52.24697781485576
9.834,8.92,10.748,184.67,161.761,207.579,196.1419366074511,121.07707471189006,230.50231520943552,185.55012887144989,51.80681009107925
9.834,8.92,10.748,184.67,161.761,207.579,196.1419366074511,121.07707471189006,230.50231520943552,185.55012887144989,51.80681009107925
9.869,9.142,10.596,187.174,168.994,205.353,195.89270077061317,121.25854086465195,230.38572861145167,185.37422205461846,51.71486314336757
9.869,9.142,10.596,187.174,168.994,205.353,195.89270077061317,121.25854086465195,230.38572861145167,185.37422205461846,51.71486314336757
10.15,10.15,10.15,197.75,185.9,209.6,193.90620940414908,122.6823938772349,229.45715899255512,183.9907335926198,50.9939827931153
10.15,10.15,10.15,174.85,163.07,186.63,193.90620940414908,122.6823938772349,229.45715899255512,183.9907335926198,50.9939827931153
10.242,9.389,11.095,198.292,176.909,219.675,193.2618501478389,123.13612882059681,229.15638534304114,183.54912444203555,50.76443634844146
10.242,9.389,11.095,198.292,176.909,219.675,193.2618501478389,123.13612882059681,229.15638534304114,183.54912444203555,50.76443634844146
10.25,10.25,10.25,142.04,136.02,148.07,193.2059676362557,123.17530128735591,229.13031396454898,183.51099241361487,50.74462196972082
10.26,10.26,10.26,184.31,170.77,197.85,193.13614846410664,123.22420371081276,229.0977438206525,183.46338808974943,50.719886593174515
10.32,10.32,10.32,152.17,145.16,159.18,192.7180340718501,123.51615201907211,228.9027751385232,183.17918246704681,50.57223013257856
10.36,10.36,10.36,168.29,163.13,173.44,192.44006425795976,123.70939781877337,228.77323584783954,182.9910695090666,50.474505925065465
10.38,10.38,10.38,135.12,124.85,145.39,192.30131466909756,123.80560804721105,228.70860107875902,182.89742175085328,50.42585578756798
10.39,10.39,10.39,155.44,149.19,161.69,192.23199918540294,123.85361046404876,228.67631782892843,182.8507002571206,50.40158341273808
10.4,9.68,11.12,214,198,230,192.16272342268354,123.90154459437002,228.64405749131865,182.80404709588345,50.37734605456195
10.42,10.42,10.42,194.73,181.71,207.75,192.02429159529478,123.99720852883208,228.57960601422312,182.7109459918777,50.328976051997586
10.42,10.42,10.42,217.18,211.09,223.27,192.02429159529478,123.99720852883208,228.57960601422312,182.7109459918777,50.328976051997586
10.45,10.45,10.45,182.96,165.59,200.34,191.8169450786076,124.14019560717477,228.48310349931168,182.57180818577496,50.256681579363224
10.48,10.48,10.48,167.94,163.89,172,191.6099631420668,124.2825752684087,228.386813302896,182.4332882347341,50.18469775404855
10.5,10.5,10.5,249.72,236.28,263.16,191.47217942295865,124.37715934013042,228.3227392497249,182.3412855087227,50.13688002260494
10.507,10.066,10.947,187.622,176.474,198.77,191.42399394652261,124.4102005521586,228.30033609232083,182.30914963787276,50.12017608077114
10.507,10.066,10.947,187.622,176.474,198.77,191.42399394652261,124.4102005521586,228.30033609232083,182.30914963787276,50.12017608077114
10.508,9.453,11.563,143.702,117.299,170.104,191.4171119550346,124.41491805448328,228.29713660865315,182.30456155573708,50.11779116601255
10.508,9.453,11.563,143.702,117.299,170.104,191.4171119550346,124.41491805448328,228.29713660865315,182.30456155573708,50.11779116601255
10.57,10.57,10.57,166.9,158.85,174.96,190.9912386406623,124.70610507555531,228.0992456818081,182.02144834804002,49.9705880884782
10.701,9.991,11.41,208.617,190.831,226.404,190.09674859668758,125.31305723149568,227.6842904983485,181.43201439656315,49.663780087083644
10.701,9.991,11.41,208.617,190.831,226.404,190.09674859668758,125.31305723149568,227.6842904983485,181.43201439656315,49.663780087083644
10.747,9.195,12.299,170.272,131.465,209.078,189.7844080533647,125.52355425987432,227.5396321834894,181.2278687018867,49.557379057400965
10.747,9.195,12.299,170.272,131.465,209.078,189.7844080533647,125.52355425987432,227.5396321834894,181.2278687018867,49.557379057400965
10.91,10.91,10.91,178.67,176.14,181.2,188.6851755131013,126.25867501276002,227.03160236933448,180.5163786992995,49.18578181022778
10.97,9.743,12.197,350.982,320.279,381.685,188.28356661766662,126.52511367081325,226.84643670924504,180.2591635885569,49.0510874948892
10.97,9.743,12.197,350.982,320.279,381.685,188.28356661766662,126.52511367081325,226.84643670924504,180.2591635885569,49.0510874948892
10.97,10.97,10.97,181.99,170.68,193.31,188.28356661766662,126.52511367081325,226.84643670924504,180.2591635885569,49.0510874948892
10.997,11.744,10.249,211.471,192.755,230.187,188.10338064000888,126.64429270882043,226.76344212398402,180.14424018591373,48.99083500462512
10.997,11.744,10.249,211.471,192.755,230.187,188.10338064000888,126.64429270882043,226.76344212398402,180.14424018591373,48.99083500462512
11.04,11.04,11.04,197.1,191.61,202.6,187.81711243763598,126.83318346844777,226.63169273769398,179.96226960676924,48.8953340454285
11.12,11.12,11.12,188.01,176.41,199.61,187.28681001415026,127.18165214904101,226.38798962983014,179.62717142543815,48.71913407037318
11.2,10.4,12,225,207,243,186.7595169028896,127.52632490481946,226.1461489778906,179.29656328681264,48.54482533956311
11.2,11.2,11.2,205.63,195.82,215.45,186.7595169028896,127.52632490481946,226.1461489778906,179.29656328681264,48.54482533956311
11.29,11.29,11.29,210.95,197.68,224.22,186.16995136375203,127.90961575247695,225.87633916089595,178.92999311538603,48.35094685110311
11.3,10.799,11.801,195.921,183.382,208.459,186.10468378044905,127.9519150352029,225.84650957275545,178.88961342076945,48.32954789150177
11.3,10.799,11.801,195.921,183.382,208.459,186.10468378044905,127.9519150352029,225.84650957275545,178.88961342076945,48.32954789150177
11.39,11.39,11.39,122.94,120.27,125.61,185.51944897140484,128.33004220609004,225.57939994438883,178.52934545028398,48.13822717960501
11.404,9.755,13.052,149.153,107.938,190.368,185.42876553167875,128.3884497734377,225.53807022724308,178.47381281551463,48.108669912640735
11.404,9.755,13.052,149.153,107.938,190.368,185.42876553167875,128.3884497734377,225.53807022724308,178.47381281551463,48.108669912640735
11.44,11.44,11.44,261.96,250.24999999999997,273.66999999999996,185.19601818111275,128.53813552154074,225.43206833432777,178.33164318435877,48.03291480848103
11.457,10.366,12.547,219.98,189.632,250.328,185.08632975672126,128.60856866832304,225.38214968743316,178.2648219601847,47.997265743224595
11.457,10.366,12.547,219.98,189.632,250.328,185.08632975672126,128.60856866832304,225.38214968743316,178.2648219601847,47.997265743224595
11.59,11.59,11.59,207.49,200.24,214.75,184.23307924165988,129.15409376780934,224.99468310128535,177.7489924340602,47.72107696440347
11.694,10.713,12.675,201.978,177.328,226.629,183.57197211350783,129.5739683458156,224.6955322620477,177.3541941666055,47.508400554445046
11.694,10.713,12.675,201.978,177.328,226.629,183.57197211350783,129.5739683458156,224.6955322620477,177.3541941666055,47.508400554445046
11.745,10.424,13.065,224.305,191.264,257.346,183.2497441710932,129.77775735118868,224.55007246018673,177.16332422145206,47.40514110749656
11.745,10.424,13.065,224.305,191.264,257.346,183.2497441710932,129.77775735118868,224.55007246018673,177.16332422145206,47.40514110749656
11.839,10.293,13.385,215.606,176.902,254.309,182.65924580343844,130.14978433726435,224.2841199026747,176.81621768218153,47.216570969684945
11.839,10.293,13.385,215.606,176.902,254.309,182.65924580343844,130.14978433726435,224.2841199026747,176.81621768218153,47.216570969684945
11.839,10.293,13.385,215.606,176.902,254.309,182.65924580343844,130.14978433726435,224.2841199026747,176.81621768218153,47.216570969684945
11.839,10.293,13.385,215.606,176.902,254.309,182.65924580343844,130.14978433726435,224.2841199026747,176.81621768218153,47.216570969684945
11.841,10.667,13.015,215.109,185.754,244.464,182.6467301985658,130.15764977425758,224.2784917172977,176.80889836998497,47.21258325201645
11.841,10.667,13.015,215.109,185.754,244.464,182.6467301985658,130.15764977425758,224.2784917172977,176.80889836998497,47.21258325201645
11.92,10.96,12.88,223,202,244,182.15397439066578,130.46668501249374,224.05719422608277,176.52197560581044,47.05587207505526
12.022,11.439,12.605,195.996,181.021,210.97,181.52241636075405,130.86098662864325,223.77440752433887,176.15781322546744,46.8558253662515
12.022,11.439,12.605,195.996,181.021,210.97,181.52241636075405,130.86098662864325,223.77440752433887,176.15781322546744,46.8558253662515
12.049,11.376,12.722,219.964,203.021,236.907,181.35612023257366,130.96448405238434,223.70010824521063,176.0625995307811,46.80329748804794
12.049,11.376,12.722,219.964,203.021,236.907,181.35612023257366,130.96448405238434,223.70010824521063,176.0625995307811,46.80329748804794
12.15,12.15,12.15,73.33,66.61,80.06,180.7373266287341,131.34843308247403,223.42424244052586,175.71079457043814,46.608359300033996
12.18,12.18,12.18,244.3,240.15,248.45,180.55452392218405,131.4615115017118,223.34293164342864,175.60761979385907,46.55092445467983
12.27,12.27,12.27,193.94,187.29,200.59,180.008860058116,131.79812799251016,223.1007311546793,175.30170727703947,46.37988557463254
12.335,11.939,12.732,203.363,193.18,213.547,179.61733121230264,132.03882419012612,222.9274248838421,175.08412312403064,46.257523410648744
12.335,11.939,12.732,203.363,193.18,213.547,179.61733121230264,132.03882419012612,222.9274248838421,175.08412312403064,46.257523410648744
12.465,11.687,13.243,205.838,186.377,225.299,178.8407218083674,132.51424215404623,222.58487853086305,174.6573230397906,46.015676668425954
12.465,11.687,13.243,205.838,186.377,225.299,178.8407218083674,132.51424215404623,222.58487853086305,174.6573230397906,46.015676668425954
12.51,12.51,12.51,284.3,266.8,301.8,178.57389831849645,132.67698060970616,222.46756694937142,174.5121657504009,45.93284009960121
12.52,12.52,12.52,103.42,100.82,106.03,178.5147440332153,132.71301836569404,222.44158577248413,174.48008783082082,45.91449264925886
12.6,12.6,12.6,191.23,182.61,199.86,178.0433392297917,132.999679762424,222.2348880374142,174.2258010951355,45.768500252166795
12.656,12.165,13.146,210.216,197.842,222.589,177.7152896657723,133.19862237634973,222.09141627705193,174.0502603534729,45.66713024896867
12.656,12.165,13.146,210.216,197.842,222.589,177.7152896657723,133.19862237634973,222.09141627705193,174.0502603534729,45.66713024896867
12.716,11.962,13.471,182.367,163.456,201.279,177.3655731266729,133.41022128699282,221.93880614799554,173.86441450854758,45.55926348095013
12.716,11.962,13.471,182.367,163.456,201.279,177.3655731266729,133.41022128699282,221.93880614799554,173.86441450854758,45.55926348095013
12.72,11.84,13.6,222.5,205.5,239.5,177.3423235596445,133.4242711338207,221.92867289542588,173.85210660443894,45.552099511493005
12.992,12.211,13.773,231.11,211.352,250.868,175.78031723136257,134.3633469328456,221.25150603996957,173.03888023228868,45.07273879088627
12.992,12.211,13.773,231.11,211.352,250.868,175.78031723136257,134.3633469328456,221.25150603996957,173.03888023228868,45.07273879088627
13.12,13.12,13.12,229.08,216.6,241.56,175.05812949947048,134.79440042674915,220.94089501552259,172.67211789859832,44.852332879406035
13.15,12.93,13.39,200,194,206,174.89005170332248,134.8944479473657,220.86883499447217,172.58760882421487,44.801141309125235
13.17,13.17,13.17,148.13,136.81,159.44,174.7782491398448,134.9609415527707,220.82095035842966,172.53157336798304,44.7671108132849
13.44,12.64,14.24,218,204,232,173.28832667063395,135.8428685916392,220.1865779458723,171.79858220150294,44.31515981438563
13.53,13.53,13.53,271.54,255.97000000000003,287.11,172.79966072752373,136.13047415436736,219.98006441730166,171.56381609139532,44.16752422422076
13.569,11.827,15.311,190.135,146.541,233.728,172.5891336736918,136.25413666054317,219.89133411607068,171.46354365921508,44.10400543313608
13.569,11.827,15.311,190.135,146.541,233.728,172.5891336736918,136.25413666054317,219.89133411607068,171.46354365921508,44.10400543313608
13.61,13.61,13.61,241.58,235.66,247.5,172.36860807592052,136.38351679061105,219.79854572359022,171.3590734225263,44.03752387094877
13.685,13.103,14.267,196.967,182.4,211.534,171.96731595415713,136.6185471315127,219.63010990481763,171.17045672086218,43.91668528991952
13.685,13.103,14.267,196.967,182.4,211.534,171.96731595415713,136.6185471315127,219.63010990481763,171.17045672086218,43.91668528991952
13.78,13.78,13.78,178.3,164.1,192.51,171.46290677118333,136.91324311561357,219.41915262542287,170.9361151751483,43.765041580329196
14.26,13.595,14.925,211.374,194.631,228.116,168.9797521181597,138.35265650063297,218.39325581779497,169.82785819326858,43.02215805459309
14.26,13.595,14.925,211.374,194.631,228.116,168.9797521181597,138.35265650063297,218.39325581779497,169.82785819326858,43.02215805459309
14.4,13.52,15.28,225,209,241,168.2756673531479,138.757506982283,218.1062721864862,169.52762504379552,42.8125117625266
14.59,14.59,14.59,251.43,225.83,277.03000000000003,167.33433463938252,139.29660554673993,217.72534043158348,169.13610793105198,42.53283274228033
14.63,14.63,14.63,131.58,120.82,142.35,167.13821939842447,139.40861323471773,217.64637793380112,169.05597705560592,42.474648265324426
15.113,14.339,15.886,259.059,239.7,278.419,164.82531982313404,140.72183523379869,216.72568137248248,168.14898869252028,41.790408177659366
15.113,14.339,15.886,259.059,239.7,278.419,164.82531982313404,140.72183523379869,216.72568137248248,168.14898869252028,41.790408177659366
15.6,14.32,16.88,235,210,260,162.59272604873718,141.9763595735733,215.85569541182895,167.34155878528375,41.13293080975491
15.705,13.377,18.034,177.105,118.673,235.537,162.1239185507683,142.23819873160537,215.6753814061026,167.18070306560054,40.995197576500395
15.705,13.377,18.034,177.105,118.673,235.537,162.1239185507683,142.23819873160537,215.6753814061026,167.18070306560054,40.995197576500395
16.05,16.05,16.05,320.7,295.43,345.96999999999997,160.6137250112495,143.0779753243985,215.10015268455402,166.68340853979865,40.55220146691488
16.083,13.378,18.788,319.194,251.561,386.828,160.4716473759959,143.1566913258208,215.0464784248333,166.6382772721771,40.510576464937316
16.083,13.378,18.788,319.194,251.561,386.828,160.4716473759959,143.1566913258208,215.0464784248333,166.6382772721771,40.510576464937316
16.197,13.613,18.781,198.296,133.654,262.938,159.98395874624498,143.42651007003113,214.86281867039946,166.48554315985166,40.36776111127172
16.197,13.613,18.781,198.296,133.654,262.938,159.98395874624498,143.42651007003113,214.86281867039946,166.48554315985166,40.36776111127172
16.488,13.679,19.297,213.225,142.786,283.663,158.76063304201827,144.1007509657035,214.40607508366475,166.11738617533982,40.00994596234785
16.488,13.679,19.297,213.225,142.786,283.663,158.76063304201827,144.1007509657035,214.40607508366475,166.11738617533982,40.00994596234785
16.88,15.6,18.16,232,212,252,157.1600104362405,144.97734895372062,213.81697919007297,165.6683503227959,39.542646569263965
17.76,15.6,19.92,222,189,255,153.7510134344713,146.82269230488882,212.59416056840092,164.83753359467744,38.550540677848645
18.64,18.64,18.64,286.46,185.27999999999997,387.64,150.5726496130051,148.5151935381213,211.49204600444537,164.2191259685994,37.62954787166909
19.52,17.28,21.76,219.5,189.5,249.5,147.59765988174667,150.07267497696444,210.4919879171399,163.77758384008547,36.77155938453253
20.24,17.44,23.04,202.5,168.5,236.5,145.2979053549976,151.25725509913423,209.73850032999283,163.5264841383476,36.11159741750597
25,25,25,188,163,213,132.3963527157976,157.52065659174403,205.77062828678936,163.46657392051833,32.49241188535581
26.3,26.3,26.3,189.64,182.89999999999998,196.38,129.39797453777504,158.86830905585367,204.89747542794402,163.73397343277563,31.679190824579216
27,27,27,213,188,238,127.85553102265781,159.5442008176467,204.45387946338263,163.9040242721153,31.265837914386175
28.26,28.26,28.26,237.99,226.45000000000002,249.53,125.19394773658108,160.68232813504773,203.69667430954522,164.24226203109106,30.560881397704176
29,29,29,220,195,245,123.69446496765298,161.3077618945412,203.2744812096686,164.45445111209028,30.168447066200237
29.51,29.51,29.51,209.82,200.66,218.98,122.68666282628233,161.72174331518818,202.99246167371217,164.604533202895,29.90662116661583
31,31,31,195,170,220,119.85423984303151,162.85801994981875,202.207253752991,165.0524058479442,29.179047251244427
32.04,32.04,32.04,179.14,172.48999999999998,185.79,117.96940054954901,163.59221411091156,201.69083267151797,165.36610693770353,28.701573095648886
33,33,33,200,175,225,116.29192286498677,164.23119631013773,201.23542721174874,165.6513101046476,28.281014486756344
33.99,33.99,33.99,170.37,163.44,177.3,114.62111473141928,164.85441354634034,200.78589992322912,165.93727868369996,27.86611158999026
35,35,35,175,150,200,112.97505177249556,165.45580554580334,200.3471634733288,166.21712647888657,27.461100151308404
36.49,36.49,36.49,175.92,169.29999999999998,182.54,110.64816032908196,166.28527137272522,199.73434071213467,166.60171991920728,26.894595854812632
37,37,37,206,181,231,109.87811969691231,166.55458831855182,199.5335362240926,166.72431440520782,26.70859804531461
38.41,38.41,38.41,191.57,179.84,203.29999999999998,107.8155634312073,167.26369451697047,199.0008523133886,167.0358087931084,26.213789074681902
39,39,39,194,169,219,106.98034425725706,167.5458940124727,198.78737549914976,167.1532076208898,26.014749639392356
40.42,40.42,40.42,197.59,183.47,211.71,105.03413455907555,168.1927941633219,198.29519770039707,167.4015503580637,25.55370045526136
41,41,41,218,193,243,104.2642460808362,168.44468645141401,198.1026133207746,167.48827733875808,25.372310984860412
42.4,42.4,42.4,192.79,186.87,198.70999999999998,102.46291750692396,169.02548235609964,197.65693296654905,167.66017712031055,24.949912444174352
43,43,43,231,206,256,101.71473445556198,169.2632867020211,197.4739158231691,167.7169533842975,24.77523179588433
44.49,44.49,44.49,213.22,196.05,230.39,99.91566665840197,169.82717161938598,197.039104403246,167.81189130673647,24.356829236129318
45,45,45,213,188,238,99.3185114998723,170.0119294060112,196.89647753808296,167.8288026109026,24.218413909523704
45.99,45.99,45.99,179.39,168.16,190.61999999999998,98.18539161890124,170.3593149974718,196.62824653076888,167.83815896967076,23.956327933058414
47,47,47,207,182,232,97.06367777190766,170.69918482080595,196.36590651407997,167.81494035587858,23.69752691701628
48.06,48.06,48.06,213.03,188.31,237.75,95.92222075876434,171.04105911517436,196.10231089544482,167.75393198823727,23.43473629983822
49,49,49,200,175,225,94.93946636529859,171.33228277490014,195.87815956503678,167.66759670094092,23.208865632396584
49.49,49.49,49.49,178.57,160.94,196.2,94.43781714879876,171.4798534517377,195.76476048477005,167.61032970346648,23.09368444682129
51,51,51,181,156,206,92.93605963397972,171.91736404566538,195.42950452963973,167.37978721763926,22.749238622549775
51.39,51.39,51.39,183.31,159.73000000000002,206.89,92.55869056710281,172.02632127726497,195.3462730939228,167.30674127406385,22.662751951186426
53,53,53,195,170,220,91.04445941145721,172.45967738462807,195.0164965153832,166.9450550383253,22.315880103128993
53.89,53.89,53.89,157.89,138.32,177.45999999999998,90.23645211116194,172.68846231900443,194.84332759351096,166.70274627195568,22.130838167997
55,55,55,163,138,188,89.25639202606956,172.96373538294708,194.63596089914512,166.35726178983066,21.906379624207837
56.89,56.89,56.89,191.76,167.41,216.10999999999999,87.65493300256446,173.40843879390928,194.3035612762284,165.65572270597792,21.53941913755353
57.98,57.98,57.98,210.72,180.91,240.53,86.76794135603897,173.65209674442016,194.12296708761298,165.18457551147122,21.335992434939964
60.92,60.92,60.92,168.02,142.35000000000002,193.69,84.49942747951239,174.2669825954093,193.6727509673833,163.66205084887932,20.814788716295133
64.73,64.73,64.73,206.47,170.2,242.74,81.80362628040172,174.98279289428174,193.16006596009106,161.1153477295395,20.192921208748697
69.31,69.31,69.31,203.62,162.73000000000002,244.51,78.88004165806322,175.74149567436606,192.6321216044744,157.13104116742582,19.514346169878035
72.96,72.96,72.96,190.53,149.55,231.51,76.76412217504469,176.27940324635316,192.2684541525093,153.16906786763158,19.019957472439394
76.95,76.95,76.95,222.72,148.35,297.09000000000003,74.63883612287745,176.81021655743282,191.91875504198137,147.95504891402237,18.520284000789925
81.13,81.13,81.13,186.29,119.75999999999999,252.82,72.59584703965105,177.31137164809152,191.59718036320902,141.38253967691037,18.036871706291823
84.9,84.9,84.9,122.25,85.78999999999999,158.71,70.8941383560637,177.7218081430961,191.34006361162358,134.33517598082247,17.63185919898564
89.35,89.35,89.35,143.95,114.46,173.44,69.03594422112886,178.1624631495449,191.07020926878099,124.38483367912183,17.18718199687426
92.44,92.44,92.44,154.66,87.42999999999999,221.89,67.83085160373683,178.44389543322512,190.9011478401111,116.20628355795387,16.897481739943917
97.41,97.41,97.41,184,111.14,256.86,66.02193699407519,178.8596770686339,190.6559210870348,100.1369743995497,16.460771357013886
100.72,100.72,100.72,108.68,67.69,149.67000000000002,64.8966305489579,179.11415874881783,190.50841063035682,86.5901181635274,16.188033544431814
